dimension,k,recall,avg_latency_ms,p95_latency_ms,cold_latency_ms,warm_latency_ms
384,1,1.0,209.24979599949438,311.6031088495219,344.2628339980729,194.24834733298565
384,10,0.9400000000000001,155.1747126984992,204.67228559355135,209.9430419912096,149.08934277708693
384,50,0.9860000000000001,143.71366239793133,192.30139374412823,130.59062500542495,145.17177766376537
1024,1,1.0,210.16085430019302,299.29216279633687,266.1120839911746,203.94405100119508
1024,10,0.9800000000000001,134.02355010039173,161.3144063980144,139.0611670067301,133.46381488857637
1024,50,0.982,143.52640809956938,189.94096860042185,134.12104199233,144.57144877815153
