dataset_size,recall,avg_latency_ms,p99_latency_ms,qps
1000,1.0,0.9592599578900263,2.901661335636158,1042.4702832374917
5000,0.8320000000000001,1.748757560562808,3.203192671207943,571.834554172373
10000,0.662,1.6773050191113725,3.2918449997669073,596.1944837736161
25000,0.4179999999999999,2.2227083003963344,2.9064160157577135,449.9015906953191
